username,password
Olivia,1234567
Rujipa ,Rujipa28090928
9412086,6802149
S,Sitipark2
6802059,000000
armyarmy,norexsam
NateeLnW,natee0610
Khun,Bacteria
YouP,Pp142006
6822005,Ka250949
Horehore,Horehore008!
Puifaiiii,Puilearn1234
Hisunflower,1234567890
summerandcastor,Focus19062549
6802077,KaRat2550
pl,germix0103
pyth22,280649
Wkdansrl,Boombayah
6802118,0990121102
Nionnro,Jnam4atom
Pholakrit ,@nf1eld#1
ammoonass,meiJi2549?
issaree,issrskp260450
wannthunya,Monkey48
Cocomatcha,Poom2549
6822042,6822042
Iceberg ,iceberg1
6822022,12345678
123456,Pkfk2508!
Phatsawutice,01022550
motosky99,motosky1599
tonklazaza,zaza1234
6802117,6802117
BogBag,Pakee123
0649963822,6822013
PunnatatWongpayaban,Punnatat_12345
helphelp ,raid213
Charrimmer ,040849
nongeveeiei,Eve0649737309
Kingragebait,ragebait
Nutchapon,6802004
6802103,mewgermix
pixxipic,Pj019283!
pattraphon50,yam360233
HeavenlyDemonGodPeem,peem601750
Saladin,285731
6802134,6802134
wirulphat,123456
Copter,1234567
phufahkrabs,Tudtoo22
Noppasorn,6802097
Boom,qwe12345
Jiratthapon,17/09/2549
meenchazen,25503113
Shifuu ,6822035
timmppct,itim2007
6802031,6802031
NorthenDemonGodP,0994414557
6822040,seenny2023
socrattouz,mega2006
Arday888,Lilday2549